{"cameraMode":{"drawMode":0,"name":"Shaded","section":"Shading Mode"},"sceneLighting":true,"audioPlay":false,"sceneViewState":{"m_AlwaysRefresh":false,"showFog":true,"showSkybox":true,"showFlares":true,"showImageEffects":true,"showParticleSystems":true,"showVisualEffectGraphs":true,"m_FxEnabled":true},"in2DMode":false,"pivot":{"x":-1.4419641494750977,"y":-0.19854164123535157,"z":11.461128234863282},"rotation":{"x":-0.08302571624517441,"y":0.9006597995758057,"z":-0.1979178786277771,"w":-0.3778225779533386},"size":12.12435531616211,"orthographic":false}